cpu_usage,memory_usage,process_count,new_processes,file_acces_rate,label,file_access_rate
21.280118488328707,56.029959713421846,110,3,10.0,0,
27.758823182672394,40.42443550847607,92,1,13.0,0,
28.266781478188708,53.52251115102328,92,2,12.0,0,
16.325881621958892,51.945562857499326,111,1,14.0,0,
33.989221601889824,50.17280833706189,113,1,11.0,0,
31.499421673250513,41.123942311039556,116,2,18.0,0,
17.792699544558232,51.83480910772569,116,4,11.0,0,
15.476971146321443,42.30840256262704,94,1,10.0,0,
32.92500008875926,58.59159362372448,91,2,15.0,0,
34.55350670830508,52.90703922792987,94,2,15.0,0,
31.335798387046424,56.11564030416885,116,4,14.0,0,
19.634418268311478,55.9503461242349,109,2,16.0,0,
25.017642252504075,57.12262810874266,94,4,19.0,0,
34.75971419046334,45.30183665488994,97,2,10.0,0,
21.0706645517106,52.38039759837774,92,1,19.0,0,
15.37172473666911,50.342428902251605,114,3,11.0,0,
34.52287388311332,55.952216100931466,106,3,16.0,0,
19.184441801964986,42.986363027856925,92,1,18.0,0,
33.042474432085584,58.19360740043949,92,1,14.0,0,
26.55848656752,52.44421342588344,113,2,10.0,0,
26.7372753303518,56.37005572147608,101,3,14.0,0,
31.050425097205036,57.921330574267955,106,3,19.0,0,
32.83883347278701,54.77555500041434,101,2,11.0,0,
32.063028309553,47.09134898343113,113,1,17.0,0,
32.95006324075632,43.39430757119475,108,3,18.0,0,
26.64984256828312,53.41199281726399,109,3,15.0,0,
30.579446858578073,43.53753292678649,109,3,12.0,0,
18.299367228101392,43.701380852620694,107,3,18.0,0,
24.676834728915026,56.232822569443925,102,2,14.0,0,
25.28201600037132,55.93160438030239,95,4,11.0,0,
20.23741990379942,58.823882294561166,106,2,13.0,0,
29.103820818453055,41.83781425733642,116,4,10.0,0,
20.705570970746216,48.08595901225148,98,4,19.0,0,
21.67012554959623,50.90532662231127,117,4,12.0,0,
26.206683000326333,41.82411999367501,101,3,12.0,0,
28.183884374724038,40.361355215121165,90,4,19.0,0,
18.68445087952554,52.990951488153186,101,2,19.0,0,
16.624053037761485,49.6557855002211,116,2,12.0,0,
17.794594561851266,49.45366384067213,119,1,10.0,0,
15.947669304963842,51.66862688229513,99,4,16.0,0,
20.799535990803317,50.3001237799613,115,4,18.0,0,
26.519878312277648,41.91640455034211,116,2,13.0,0,
25.115742169580077,57.45764956062823,109,2,13.0,0,
25.147803976333037,44.39483927238538,115,4,12.0,0,
18.73358854839647,52.88579958728362,112,1,17.0,0,
27.069150498420285,55.52097223763869,101,4,12.0,0,
30.763673217046534,58.12354121900859,115,1,17.0,0,
29.52415954602884,54.8487401898321,110,2,18.0,0,
20.265905426348194,51.15592947516551,115,4,10.0,0,
28.475559212533803,41.487907925373364,118,1,12.0,0,
24.63990981180531,58.02643103765568,99,3,18.0,0,
23.847612534731574,49.105613510253434,103,4,17.0,0,
25.911687513457267,41.390309300695066,116,1,19.0,0,
20.35916434029589,52.78724965617004,106,3,11.0,0,
21.037814248175465,45.49647335124688,92,1,19.0,0,
24.621864291082105,43.64207874788084,97,4,11.0,0,
15.250642780295646,46.661641611502695,96,4,14.0,0,
24.21513078282921,51.79143113602238,91,2,18.0,0,
22.113935617737056,58.20315458398002,111,3,15.0,0,
34.867968365787064,46.05802112003518,106,2,18.0,0,
28.757662028527193,46.147415500622344,109,3,12.0,0,
34.788422100126425,55.732177065326454,100,4,11.0,0,
26.298528257717358,44.11227243893147,116,2,10.0,0,
18.78000996530805,51.15515805554563,98,3,14.0,0,
34.55572074084657,54.94178418104207,107,3,18.0,0,
34.80506992380457,41.611360850221274,99,1,13.0,0,
20.980731411291803,44.176542153967816,94,4,11.0,0,
31.340623123145278,42.76929394931101,108,1,13.0,0,
33.93147846542203,59.171438305213556,108,4,15.0,0,
25.231978454847876,57.9217070666582,96,3,19.0,0,
30.689941144491755,52.26847899660736,112,2,10.0,0,
18.241745543223693,41.827402208506925,93,2,12.0,0,
25.202665272260106,53.04690139091447,91,4,10.0,0,
26.31746978133974,51.24171396983752,98,1,16.0,0,
18.417280373161077,49.29265206873073,116,2,13.0,0,
30.692401362884382,43.29009734096118,90,4,13.0,0,
21.37681448890131,41.37734420195887,106,4,18.0,0,
22.659348154396255,43.08391894149677,95,1,15.0,0,
17.123862505889786,56.58689021107861,104,4,16.0,0,
15.589659144914814,51.636296778759316,116,4,19.0,0,
24.310572578101628,55.48253505179428,112,3,17.0,0,
25.31118454167232,55.2061042968849,103,2,15.0,0,
20.337911864347834,49.59106594881831,111,2,11.0,0,
26.00849550095682,40.58099812187906,113,1,11.0,0,
30.500412939639094,59.66154341360625,101,1,19.0,0,
16.28424488498149,54.758380698437605,104,2,18.0,0,
31.327525889721908,50.666767382602245,115,4,17.0,0,
22.698278676881362,53.526207856522156,97,1,15.0,0,
33.3625846357838,42.2502130440517,118,3,12.0,0,
21.979149604781714,49.65834778573597,94,4,15.0,0,
33.42503346923661,59.626818727054264,96,1,19.0,0,
29.528042146114608,50.007077431782776,101,4,19.0,0,
34.9299699875055,45.57778170224572,102,1,11.0,0,
27.969735275575157,57.62960844422038,117,2,12.0,0,
31.753692130968172,55.29512615680338,119,4,13.0,0,
25.88681838812275,58.457698341741136,102,1,14.0,0,
20.03747426976784,43.61062404014046,113,3,12.0,0,
22.178969235904745,49.54241683801628,107,3,19.0,0,
28.22133088993487,40.635121248623946,113,1,10.0,0,
17.834657505567378,49.24153053330161,90,2,17.0,0,
22.365313570104902,58.978973238865585,109,4,11.0,0,
19.106874692043156,59.983630420936294,99,3,12.0,0,
19.045992200594313,43.75770695313141,110,4,13.0,0,
30.169120444062735,59.44052920394548,90,3,13.0,0,
19.779040511219293,50.96980206677526,110,2,16.0,0,
28.408236107569685,59.218338234059175,116,2,11.0,0,
19.22087538863957,51.857367233654585,97,3,15.0,0,
25.74723561728309,54.09186954109502,95,2,12.0,0,
32.018758391500015,56.35579523604932,116,4,13.0,0,
33.35772424383386,52.45324777237832,94,1,10.0,0,
22.161292344156116,43.27637809914131,95,1,17.0,0,
33.08810388059834,48.355137835583236,119,4,19.0,0,
23.527949849054448,49.599107540552716,117,3,18.0,0,
22.49256640367831,51.364428170399165,118,1,16.0,0,
22.899686840394093,42.30136590258678,108,3,15.0,0,
32.47047058358731,51.63287230733813,104,1,11.0,0,
31.73744414788798,42.88768760142917,106,1,12.0,0,
31.35261424602707,43.61061785530945,98,4,17.0,0,
23.418130973675744,48.41480638509709,113,2,13.0,0,
23.71475221790716,57.014218609267886,91,4,15.0,0,
21.50573536780692,41.670260347911935,99,3,11.0,0,
33.03097666488168,58.17839985150355,92,4,11.0,0,
15.635868004896789,55.304395816697564,95,4,10.0,0,
30.804402085327705,45.5189982310267,117,3,16.0,0,
29.460310073905738,59.91358992145865,94,3,16.0,0,
20.17374602968383,53.62359489519013,112,3,17.0,0,
31.374550455830338,55.47381488985444,111,1,15.0,0,
29.47870093238377,44.49309663413375,97,3,14.0,0,
17.97675079124264,48.96553873146255,115,1,11.0,0,
18.71386623159467,56.798690888926174,109,1,17.0,0,
33.570303579008076,59.83795674913163,101,2,19.0,0,
18.10861983080182,51.64063158528457,115,4,14.0,0,
33.52140611803242,48.35821860230652,104,3,14.0,0,
30.363051477404653,42.918224323098606,91,2,12.0,0,
29.780551274496293,44.86140727830444,104,4,16.0,0,
29.63996467957689,57.44010493331896,119,3,18.0,0,
32.46528899190899,56.097787906484484,109,2,16.0,0,
16.811742390616715,58.2528565677913,110,2,13.0,0,
17.875934347962716,48.67804260628186,95,4,18.0,0,
22.879044229419204,52.2173336758514,98,3,10.0,0,
31.718442416430605,43.111080700397885,96,2,15.0,0,
27.983536384061267,42.92938007243998,112,3,12.0,0,
15.65983789805073,46.28235264192972,115,1,10.0,0,
18.52194448399242,50.54370605344426,97,3,15.0,0,
19.08870881068042,53.36682510960655,114,4,16.0,0,
27.499030839230365,57.75557656639124,94,2,15.0,0,
24.90537731499014,44.097786873836974,118,4,11.0,0,
30.486004813312796,53.77587445943708,112,3,11.0,0,
16.56385207271995,51.142412848201204,91,1,10.0,0,
31.00489895033613,41.70605263912158,116,1,19.0,0,
21.72517157580471,46.07588817148411,111,2,17.0,0,
25.59487003750185,43.901610489159225,98,4,17.0,0,
28.750381823131676,57.951692813818276,112,3,14.0,0,
34.73319688174993,40.84716334645074,116,3,14.0,0,
25.798088521657313,41.44287954637046,98,1,15.0,0,
34.87149079247753,45.14999847260782,97,2,14.0,0,
25.696639698090117,45.98003104069374,95,2,10.0,0,
26.395996406883327,45.750476046730554,97,4,13.0,0,
30.46835242162131,57.276643470520725,112,3,16.0,0,
21.04419728460254,56.19644839124126,112,1,12.0,0,
21.476915336871585,57.622500560164625,114,4,13.0,0,
33.886689304834874,45.1594468247329,108,2,19.0,0,
21.390806701165985,54.998042465955166,99,4,18.0,0,
34.68627623491173,45.24304957030856,92,1,14.0,0,
30.397370637467894,52.97821477613723,118,2,14.0,0,
16.568910176132302,57.34579643547306,119,4,16.0,0,
15.45526574200249,43.90736978552965,111,1,16.0,0,
19.445305724936063,41.07452337250637,91,3,17.0,0,
28.771804263146766,56.2051645723921,95,2,18.0,0,
32.75643380989614,49.840946151932535,110,1,13.0,0,
32.01674387702271,50.894185318510644,104,2,15.0,0,
28.030412023085773,42.8485735364023,103,2,13.0,0,
19.289634210732785,40.43404298271098,117,4,10.0,0,
33.97511098554128,52.266390382634896,114,1,14.0,0,
27.18939418777137,48.154116689048664,119,1,12.0,0,
33.381153728626614,51.67698422164625,102,2,16.0,0,
33.77775875525758,41.88006342268565,101,4,16.0,0,
30.636666658117093,43.85905516643703,108,2,11.0,0,
29.019296284174004,55.861184186926046,95,2,18.0,0,
27.76457393154048,56.773265731248564,93,4,11.0,0,
28.724438825378485,50.61219882764917,107,1,10.0,0,
33.16359587892224,42.87852709084904,118,1,14.0,0,
19.77742346573592,51.14190870355017,97,2,14.0,0,
27.435851352994924,45.745858821179375,92,1,15.0,0,
19.42664438733451,53.37352618954056,117,4,19.0,0,
25.102591073680514,53.3612473469794,108,1,12.0,0,
32.680055713774166,47.5133803152985,101,3,17.0,0,
27.242608547601908,49.20512400526525,119,2,13.0,0,
20.38480540439418,44.482318977535165,102,3,14.0,0,
21.51802632074272,50.28918621995327,112,1,19.0,0,
18.16839297799463,43.62239039377432,110,1,16.0,0,
24.21547594568632,47.682231589662535,90,3,11.0,0,
32.005503328782225,48.09246654744567,115,1,10.0,0,
15.679524746475131,41.71097385723422,95,3,18.0,0,
26.880348119030998,43.396910649179546,97,3,16.0,0,
17.233336196211056,53.83234421329351,97,1,16.0,0,
17.942127885400296,51.21446042036247,99,1,16.0,0,
34.00807679327173,54.22684804055019,97,1,12.0,0,
31.274907967187374,43.363012379632444,110,1,12.0,0,
32.61277206181329,48.773217354401105,97,3,18.0,0,
25.62403094809016,53.64200675628693,90,2,19.0,0,
33.207255184238406,55.93991104664349,111,3,16.0,0,
25.465205470686172,57.13768476517397,109,2,17.0,0,
23.822969895227757,49.935372108689705,102,1,19.0,0,
16.603619358026897,55.85904818539651,92,2,10.0,0,
29.448347283404384,50.67833701650332,112,3,14.0,0,
33.45777190373044,54.4882506963027,115,2,14.0,0,
27.215103050678437,51.80981755482052,109,1,10.0,0,
27.482028177322455,53.614228509527926,111,4,18.0,0,
28.103156102500932,53.044395776420814,106,3,13.0,0,
29.672839243193504,59.67645171894051,97,2,10.0,0,
34.731138987375466,55.30916448508587,93,3,13.0,0,
24.723975453235425,59.412139719766245,111,1,17.0,0,
30.718890093608334,41.00260383977727,97,1,10.0,0,
28.8492160605407,58.56537483295209,99,4,11.0,0,
19.358711582831305,40.460943217041546,113,3,13.0,0,
22.35252302536011,57.91825591961549,92,3,18.0,0,
32.088521995377235,40.989119903029504,109,3,15.0,0,
25.189231911345544,43.0719287961968,118,1,10.0,0,
30.125537480213612,57.79202896396386,117,1,18.0,0,
18.030727502486346,40.487230573944615,110,2,10.0,0,
17.889448560411157,51.71842918265695,111,3,11.0,0,
26.323925142112444,45.761387075485715,117,4,13.0,0,
15.386060743611061,59.269379928167,96,2,15.0,0,
22.079287336498858,57.348125494658035,101,3,19.0,0,
24.578349879959166,59.76019118640669,93,4,10.0,0,
33.35568287052092,43.073286023996815,109,4,14.0,0,
27.882519846175025,49.008883780538795,104,2,12.0,0,
29.95941599113267,49.22730198682287,98,4,10.0,0,
25.29644557689882,48.468588969806866,99,4,19.0,0,
15.399396640309348,41.37693483542066,101,1,14.0,0,
21.556875799984983,40.477855758977014,115,3,10.0,0,
29.161969990153942,51.18420433231984,98,1,10.0,0,
21.502374807762102,44.19407287991966,97,1,17.0,0,
21.643024358534163,44.68344783938333,91,1,19.0,0,
32.0910481962918,49.41877362275894,110,2,19.0,0,
22.186420017265796,51.79398721719466,92,3,18.0,0,
22.760272872945933,59.03991172978853,119,4,19.0,0,
34.29464168223627,58.93533614134787,94,3,10.0,0,
19.23376776815098,49.01590165372885,100,4,12.0,0,
29.369304082285836,47.733706759372005,96,2,17.0,0,
26.22462933297936,58.63706717859404,113,2,18.0,0,
20.841090315890604,55.72669347468258,91,3,18.0,0,
15.417683135525937,45.168262257530564,119,4,16.0,0,
33.14526349726701,49.17401900772329,109,2,15.0,0,
33.73944685616771,42.69150859551451,94,3,17.0,0,
20.8779047447019,53.09349385646142,92,3,12.0,0,
20.74630130488695,41.06170564144173,116,3,18.0,0,
20.188942550821118,47.40307171023627,99,4,18.0,0,
21.4142920926197,45.39117126189106,93,2,15.0,0,
21.03341594396988,47.32529518636487,112,3,19.0,0,
32.19773790165973,47.127596548468695,99,3,16.0,0,
18.031933472160205,52.300113526463576,112,1,16.0,0,
25.009284841449013,48.19754605429512,106,3,14.0,0,
25.022840327847298,50.12766429619626,105,2,11.0,0,
17.073885649357507,55.30478058836078,91,3,17.0,0,
17.204966004610714,56.477049478084666,115,1,12.0,0,
21.713720490600146,48.783510282774,109,3,17.0,0,
32.463612318747224,59.460093607401284,102,1,10.0,0,
15.253259806367645,49.71200839180425,96,3,17.0,0,
30.286771424274036,47.04304537678362,107,2,13.0,0,
32.286428333918394,40.77447001828981,106,4,18.0,0,
30.746424651357746,49.05499473667816,113,4,12.0,0,
27.027327088423057,42.05342483270264,105,4,12.0,0,
20.805135351762782,49.27628091574689,102,1,13.0,0,
18.622465924600437,53.94272101027946,95,4,12.0,0,
20.06823296748269,40.01981470148276,111,4,15.0,0,
32.82311295677697,46.157339320749244,116,4,17.0,0,
31.033907797758623,44.37507769633928,109,1,17.0,0,
33.976636571738894,43.14367342087077,117,4,14.0,0,
18.655533689819418,54.023616373670535,100,3,15.0,0,
33.25007039708223,57.031838078962195,113,4,10.0,0,
17.949777535519956,50.712408561338066,101,2,19.0,0,
33.974406720193485,45.82775450067407,100,2,18.0,0,
29.73887422182442,45.38866065938869,95,1,11.0,0,
21.0088137461093,42.768356523083646,119,2,13.0,0,
20.4831291436283,58.91607081736896,95,1,16.0,0,
23.350014034383832,41.50171028085852,101,3,19.0,0,
31.864448326483675,48.930478181966464,97,1,16.0,0,
22.352797684400954,57.80719070918551,109,3,14.0,0,
31.90690082514157,58.15816333156363,97,4,13.0,0,
22.86880264215491,52.38814511677026,102,2,12.0,0,
26.2605439042242,57.28669306041131,101,3,17.0,0,
30.46199948880831,57.68029518506265,99,1,14.0,0,
21.600121855480026,48.60939804283224,109,2,17.0,0,
27.08868316601316,40.29474190721041,109,3,18.0,0,
33.980354381482584,47.84981462182814,98,2,19.0,0,
16.593267496947316,45.510357643880226,92,1,12.0,0,
20.16364948776873,44.46438845091883,115,4,17.0,0,
18.259865579387686,49.98408737376089,111,1,13.0,0,
24.124231724506664,42.77369691270363,91,2,14.0,0,
29.670303654155678,48.66760690581438,96,3,16.0,0,
28.715271962402483,46.52040032520935,119,3,19.0,0,
26.990801155510646,53.283006270250226,116,4,16.0,0,
34.97291512753146,43.307626340686426,98,2,16.0,0,
29.858476880704497,48.182121940662824,109,1,16.0,0,
18.186869095508115,46.792946564882136,115,1,11.0,0,
31.458968798302195,58.935246660457025,115,4,14.0,0,
17.02345598494087,41.53556448478409,106,4,13.0,0,
29.949879209293616,56.61794075607537,109,4,18.0,0,
30.55556552281638,54.98361640426898,112,3,12.0,0,
29.258159787206896,55.46608155146686,115,3,19.0,0,
28.226253087160096,52.62698439196716,101,3,10.0,0,
33.25195500820969,56.506722305294446,94,4,14.0,0,
21.74353253856843,58.379548734572836,94,1,15.0,0,
22.417130804013688,56.23948229093469,98,2,17.0,0,
31.565398826077878,43.74826280143406,112,4,15.0,0,
24.09648959124577,51.700362655681324,119,4,11.0,0,
30.843754766336502,48.29676870963478,118,3,16.0,0,
31.52462935755589,59.05597870026952,90,3,13.0,0,
21.701686109064646,41.68902862500947,119,1,13.0,0,
19.492899628716184,59.373148692286755,94,4,19.0,0,
30.249782859201616,41.694658113420196,111,2,10.0,0,
17.4559495396323,49.24487176644533,98,3,12.0,0,
24.166136755986415,56.45338156781328,95,1,10.0,0,
18.10017656263432,46.47335315617303,118,4,19.0,0,
24.31617973333627,48.785604853497574,105,1,15.0,0,
33.15296349973565,46.39944082343404,110,4,13.0,0,
27.2697118126295,58.18566563204426,90,4,12.0,0,
30.208274703291274,40.82041416224824,93,4,19.0,0,
33.937098014862066,59.07447999331835,113,1,19.0,0,
19.53109336588452,44.5206955878541,92,4,11.0,0,
34.477090715115224,52.33056544120133,109,3,14.0,0,
20.87864487504388,56.0330880899231,119,4,12.0,0,
19.4644155342948,53.96790784601629,97,4,19.0,0,
23.78783072505697,47.180555705540755,115,2,13.0,0,
23.848770495122974,57.18224820490576,105,4,11.0,0,
26.110143823554793,40.29107689016531,108,3,17.0,0,
17.276393287882293,59.634164130134764,100,2,12.0,0,
29.76588702324272,46.68639523680437,119,4,14.0,0,
26.674406020509878,49.509115227627376,94,4,18.0,0,
24.416468964595612,41.844062643525454,119,2,18.0,0,
20.632216541814223,47.68946743195634,95,1,13.0,0,
30.949453485303252,42.39124600014695,97,3,17.0,0,
18.18243410677389,59.89369123470075,103,1,18.0,0,
16.24281451624517,53.04834589164257,97,4,13.0,0,
27.620352218204292,59.354277370754446,98,2,14.0,0,
30.899544542567554,52.73827618855495,119,4,10.0,0,
18.753690993379504,44.77477417838954,118,1,14.0,0,
22.20191848094827,41.937101672981186,116,1,13.0,0,
27.552638061957897,42.176731577283206,99,4,17.0,0,
27.94304980443075,51.09957012657961,113,4,18.0,0,
23.27015211998185,54.92362213804805,103,4,12.0,0,
28.73693906876233,55.40454389971832,97,4,14.0,0,
26.63953452361357,44.98665525597046,94,4,15.0,0,
28.27704302112297,48.194011652400164,107,4,18.0,0,
26.82882803960824,56.16513815060746,94,4,10.0,0,
34.170092401435724,51.83656520249057,117,3,10.0,0,
34.53039964315747,53.03687440584581,98,1,14.0,0,
34.92699167343203,41.6116337529809,109,2,13.0,0,
32.26296287027252,56.35298491753014,117,2,18.0,0,
24.79252073005706,53.84254441630009,96,2,14.0,0,
29.44432968444528,49.64602937773013,95,2,17.0,0,
21.795427319006084,47.293151334173146,114,3,10.0,0,
19.92778060460032,41.30609811713304,108,1,12.0,0,
34.20168167043764,49.07786974084403,115,4,16.0,0,
29.08930296740411,52.40394294278089,97,4,18.0,0,
16.888433401934407,54.06756652338881,103,2,11.0,0,
28.61188695742569,49.196359951629816,106,4,16.0,0,
27.246537692557293,51.752845011110644,113,1,13.0,0,
32.18607319918479,52.462421421656565,93,2,19.0,0,
19.51054856159587,47.737641243251055,117,3,16.0,0,
19.013573989764005,41.60660769138032,100,3,16.0,0,
32.83854646341962,43.76636875335366,105,4,15.0,0,
23.85524620850138,43.65544811214525,117,3,18.0,0,
26.25083926932481,55.379629326505615,98,3,15.0,0,
30.170545929851915,56.18353783681129,96,2,16.0,0,
18.234168441693953,42.79917586621953,91,2,13.0,0,
15.686504791582419,51.02004970929618,90,3,15.0,0,
28.47691104238737,40.76226901642509,113,1,19.0,0,
19.31425596546486,44.580413015243785,102,1,16.0,0,
27.57198543755011,56.31809152818983,103,1,15.0,0,
22.551844276941324,44.619829704349705,95,2,15.0,0,
30.06985378415542,50.753875174410325,108,3,18.0,0,
32.68874864800843,40.47004987270382,106,3,13.0,0,
32.246309556634685,48.34764214245922,112,4,18.0,0,
21.84444654024255,44.283974638995964,111,3,13.0,0,
22.04900862238074,45.52855181763621,114,4,17.0,0,
18.1541709045762,54.08331046837597,94,4,13.0,0,
20.327550194882335,43.069970075778386,100,3,11.0,0,
22.826794076682564,41.06697003309736,96,1,14.0,0,
26.979095794234524,51.832596363254886,94,3,18.0,0,
16.252122696246843,50.71469298806624,104,3,11.0,0,
15.83723296165347,59.28371743721042,113,2,11.0,0,
24.69373922824895,42.28392251353527,107,1,16.0,0,
29.645599098141393,43.108182723352556,102,4,17.0,0,
21.947316354203828,57.76108393176756,90,1,11.0,0,
15.209354660023912,41.843610578591495,102,2,16.0,0,
23.77474062318536,53.03952107747,90,4,16.0,0,
21.24339217849167,51.84850569981298,113,2,10.0,0,
20.31174710089154,50.89641501625245,106,3,12.0,0,
15.481638874638183,45.594039943107354,111,1,16.0,0,
24.815917718578056,42.490674843854514,112,2,19.0,0,
33.62312421176525,50.39963945580206,117,4,10.0,0,
25.407245157387354,49.510334700489736,108,2,16.0,0,
27.906782823247816,44.25576658079212,98,1,17.0,0,
32.267031742471914,54.95924367577104,97,2,18.0,0,
19.896888131629176,49.548506204643274,97,4,11.0,0,
34.687750855211675,52.29676161535407,105,2,14.0,0,
25.783070675637546,44.91629154357753,92,4,12.0,0,
30.69492253023997,56.808041831909975,94,1,14.0,0,
27.193477334277866,50.63019022182661,112,1,18.0,0,
20.62393759975553,50.39353652107916,113,3,15.0,0,
15.19778014582596,50.49355153903197,96,3,15.0,0,
23.09617602153227,57.13458355565305,113,4,12.0,0,
21.007332239475474,56.72500260814736,92,2,18.0,0,
17.49069160289068,55.18381697640723,113,2,17.0,0,
26.178241531458333,54.130530658043426,108,2,18.0,0,
29.530332594752554,44.568821389368466,102,2,13.0,0,
24.02986708431488,59.02939396515521,106,2,10.0,0,
29.680977327929863,41.55719009336363,118,3,14.0,0,
22.428336886600167,52.37943233855354,101,1,12.0,0,
25.86407592797051,56.75608037461205,93,4,14.0,0,
33.03828463407983,51.29989662312621,116,1,12.0,0,
25.365227508769305,50.16230517069835,103,1,11.0,0,
23.20383747083441,51.107071464945534,102,3,17.0,0,
27.58850445766342,53.923006016238446,109,2,19.0,0,
29.114828635065223,49.3307272185703,94,1,11.0,0,
23.3651131687861,56.89743812885781,103,3,12.0,0,
22.85161748964059,40.02881499994443,105,4,17.0,0,
15.075065577599918,47.06597607795362,101,1,12.0,0,
21.298467839025054,43.866724671431015,114,2,14.0,0,
21.106079744155537,58.410542226792884,117,3,10.0,0,
27.659596795396197,53.76940039761823,110,4,14.0,0,
22.39835563167161,56.14616913539958,110,4,15.0,0,
16.379015020601507,54.46424542558434,92,2,12.0,0,
28.395876190321165,54.78018818912311,95,4,15.0,0,
28.35925885147855,48.55078177191977,92,2,17.0,0,
25.03623098996748,41.271254360495455,116,3,14.0,0,
15.956469072567058,58.44735871459355,101,2,17.0,0,
20.841707422965982,47.83045038337851,105,2,13.0,0,
34.72469118843601,48.40346416084363,100,1,11.0,0,
28.636875333317306,58.59224517489207,97,3,15.0,0,
18.260433545019122,52.18362204923886,117,3,18.0,0,
15.324646991510152,58.14340770800102,97,3,19.0,0,
33.82663942111949,41.65208792215091,93,2,15.0,0,
34.93267279027963,56.81548715882364,97,1,17.0,0,
15.11515523098325,42.04959549082517,112,4,16.0,0,
17.944064998775694,47.43518937769373,107,3,14.0,0,
19.221235875651494,57.695248448500905,111,4,15.0,0,
31.800177323963922,48.87329703847898,94,2,15.0,0,
27.216247349933546,58.6792229891103,92,4,13.0,0,
28.773208448310935,46.285773483798145,102,4,18.0,0,
20.200590765248357,45.214561373008635,102,1,18.0,0,
29.443439163930755,44.84743410407336,118,2,13.0,0,
15.852630967274093,41.272548677388556,101,1,18.0,0,
17.045506339161165,45.528851374608365,119,4,11.0,0,
32.47334970656866,48.18961628282996,112,4,13.0,0,
20.3122689204455,49.94569591557347,112,3,18.0,0,
19.69378910763704,53.621132193602854,105,4,15.0,0,
34.195056725269154,54.41836766016094,91,1,19.0,0,
19.834244989696664,54.12788131370918,94,4,19.0,0,
20.15279853773778,53.05667481144249,118,4,13.0,0,
32.68802411959908,44.91268147667562,102,4,14.0,0,
18.41420586284285,55.25678125618436,118,3,11.0,0,
29.932668793434132,46.383775982601605,90,2,13.0,0,
19.938957349748883,55.58011721247717,97,2,10.0,0,
23.574648837629717,48.12325995045302,94,1,15.0,0,
25.600722808439805,55.057019836028644,111,2,19.0,0,
15.994909613759349,49.414679185791336,99,4,18.0,0,
25.565480731012567,42.86177075150922,108,4,13.0,0,
22.995996993206305,58.893069712005854,99,4,17.0,0,
17.059608329683513,58.06240882665068,98,1,11.0,0,
19.823760973800333,58.03299069601627,99,4,19.0,0,
34.150444910308025,55.408266945214756,112,3,19.0,0,
27.803271831371305,47.1910889570367,117,4,12.0,0,
30.36723554741103,43.03797268846131,94,2,11.0,0,
34.252486250121926,55.02618159595262,103,1,12.0,0,
16.271559841411708,45.82312132625508,115,4,16.0,0,
26.293557270750867,58.55577050864363,94,1,10.0,0,
25.889292949271834,57.551202890174174,90,1,16.0,0,
21.008830373620206,59.37182117561407,94,2,15.0,0,
22.587027075773918,46.93592454447324,108,4,14.0,0,
33.35672951103848,55.12874210651257,103,3,15.0,0,
32.730764443841956,45.79899745486795,112,2,12.0,0,
27.90400335865997,45.97199988334984,98,1,18.0,0,
28.900957564376583,53.91759612019415,118,4,12.0,0,
26.438941551878667,51.71526178646995,99,3,17.0,0,
19.942954209409834,56.18280561009142,99,4,19.0,0,
33.756535247508396,48.88050610311576,94,1,11.0,0,
23.219335338461526,58.35876026186999,110,1,15.0,0,
31.10881146459405,53.816209336384496,116,4,11.0,0,
16.910784477777167,42.047220102729824,103,1,14.0,0,
16.11460632127963,47.64465280348748,100,1,17.0,0,
17.268353958058412,52.6640307572891,106,4,16.0,0,
20.08790419729774,42.72627958963741,95,2,15.0,0,
26.735873850634558,41.17797140805899,112,2,16.0,0,
17.127871577289312,48.28003991005124,117,2,17.0,0,
22.86960364707592,54.240558181441045,95,4,15.0,0,
28.448100598907466,59.75200007520483,98,3,19.0,0,
29.38319992474449,49.06864654437502,109,4,15.0,0,
26.664105236853956,51.98584405293976,103,4,11.0,0,
31.7596037104717,45.15035843287768,91,3,13.0,0,
32.338859842476964,58.332235725785324,114,1,14.0,0,
31.930377401608165,47.94994135086057,119,1,14.0,0,
29.955569550137188,49.26412087190275,114,3,19.0,0,
31.868813431638102,52.304130690186014,118,4,19.0,0,
28.619061403851468,59.02029212365552,111,3,13.0,0,
19.20454601438521,57.41490867382775,100,4,14.0,0,
18.76087828214186,50.08521409803489,97,1,17.0,0,
33.43028110865546,51.7882891901354,113,3,19.0,0,
32.084479104899366,59.30391791131367,93,3,19.0,0,
26.67781406296213,51.838415608107,114,2,14.0,0,
28.871319980843428,44.845773239184126,116,3,12.0,0,
22.18118934218981,58.21946167763468,107,4,16.0,0,
25.252550421583067,50.37663422703787,117,4,11.0,0,
22.90566268459962,44.99291246478568,90,3,10.0,0,
22.918656719490986,49.18305312584928,108,4,17.0,0,
20.590127739783092,49.174146696750526,109,4,17.0,0,
17.35986789807487,53.72395935987714,112,1,12.0,0,
26.871536206993348,52.97666446499673,99,4,16.0,0,
17.509458833934897,42.384756554066925,110,4,15.0,0,
30.873124960785518,53.834834916892845,114,3,16.0,0,
30.62237291899526,58.50044978252869,91,1,12.0,0,
15.279652771047411,50.46738389714068,92,3,14.0,0,
25.589225595633692,42.65586602854087,103,1,10.0,0,
24.84506714009505,55.832324078508236,116,1,14.0,0,
27.560975685208312,58.948753938204135,92,3,12.0,0,
32.07863912336005,43.57841364030198,112,4,10.0,0,
24.243174523091326,51.23472000234804,96,2,16.0,0,
29.27880924686697,58.984473811721,109,2,16.0,0,
18.538004375547,52.295174720420405,103,1,13.0,0,
30.98873110933163,42.04573960275351,109,1,13.0,0,
30.328976073841005,46.681206874038814,97,1,10.0,0,
17.399979397071633,50.868268667165104,92,1,19.0,0,
24.415420560239372,40.58646073200673,117,2,12.0,0,
26.755360465647623,55.669746124195854,119,4,19.0,0,
19.48784146601247,44.62755783622252,97,4,19.0,0,
17.071568472760646,59.71587048995842,110,3,15.0,0,
31.091991892548027,59.21208592510147,119,3,12.0,0,
20.748512176895083,48.072326293633715,95,3,12.0,0,
15.589896748179061,58.04935615284581,104,3,15.0,0,
22.958483706151647,53.38086989177697,111,4,11.0,0,
18.03095571721031,53.79620579444456,98,1,16.0,0,
21.040040068841016,53.119178858251814,100,3,12.0,0,
23.41462146762565,57.72627739373267,114,1,12.0,0,
24.949462174222848,53.29788017868249,92,2,13.0,0,
15.81596532921398,57.51506709701213,98,3,16.0,0,
28.048170394563837,58.083294178161744,103,1,15.0,0,
31.829530612919374,53.38264514648405,93,3,11.0,0,
28.718691037695102,48.96404373264435,113,1,12.0,0,
17.25974290080447,57.62763949494163,93,4,18.0,0,
25.714637464477768,46.58226120807108,118,2,11.0,0,
23.135281902278173,49.576348195386224,91,1,19.0,0,
20.00331115133399,55.135489482386305,114,1,19.0,0,
32.16752293275232,45.148583214169456,104,1,13.0,0,
30.172935671645895,41.22314412439793,111,1,19.0,0,
29.090134243292923,52.43836555829107,98,1,13.0,0,
30.746562266398065,54.34810037611196,116,2,15.0,0,
33.785831923247,41.99214877020063,115,4,16.0,0,
23.33403135125343,49.077622821005896,101,3,15.0,0,
15.560760417298965,45.91562083739465,110,3,17.0,0,
27.576943435536307,51.35345586588779,112,3,18.0,0,
27.81494803667423,57.82963326657047,111,2,19.0,0,
25.959850573310863,41.578309367061166,93,3,19.0,0,
26.802151866279367,40.02865129202029,103,3,12.0,0,
25.707658693345685,50.423268236082386,100,4,10.0,0,
34.37337610074678,49.48202261331569,113,1,19.0,0,
30.24198817004507,45.74518184913237,117,3,14.0,0,
25.557933411706088,44.78480648070075,106,1,14.0,0,
19.190487084871002,55.39019666099462,111,1,17.0,0,
17.344614550465153,52.0403911974823,102,4,17.0,0,
27.295004425821176,42.532132718943025,93,4,18.0,0,
34.223039743308824,53.662911150685716,118,4,15.0,0,
21.145890947829855,40.994940452260366,97,4,15.0,0,
19.15242864931445,47.350192533665215,107,2,14.0,0,
30.318139287368247,59.01539454602339,111,4,10.0,0,
24.190024845050182,52.314466810799836,119,1,19.0,0,
20.5180460884202,49.201696791068,93,2,18.0,0,
33.64898174130827,54.623881005616504,92,4,16.0,0,
21.68167317017827,41.97909755260157,109,3,11.0,0,
33.658026555301646,57.90878156214972,113,1,18.0,0,
28.728112022290336,56.242014972451614,112,2,13.0,0,
25.560661173401865,44.8693624598579,117,2,18.0,0,
34.02580716908348,52.87317898332464,117,2,10.0,0,
19.65483306300428,52.84381447182829,91,4,12.0,0,
18.612923900518894,43.665756835358195,118,2,19.0,0,
34.13114104440019,49.30355019242545,106,3,17.0,0,
29.44834995286307,42.46248385110298,113,3,19.0,0,
31.66773232988368,50.15376816921683,105,3,12.0,0,
16.030380003785588,57.73561419415354,118,2,14.0,0,
19.232411496897655,44.60082594223591,99,4,11.0,0,
33.496032261488715,53.30654026201016,98,4,17.0,0,
33.82147094137156,50.967158446438326,101,3,18.0,0,
15.692511522493298,42.996616994595264,105,2,14.0,0,
28.582021002015967,49.52415083218287,92,1,11.0,0,
34.50498185625736,53.55095005979646,116,2,15.0,0,
25.812732921229085,50.85679701297343,111,2,10.0,0,
33.78527985284562,45.43245863694624,90,3,13.0,0,
31.956853872144418,57.11099827019237,96,2,16.0,0,
27.0520494420106,42.85562383160791,99,3,13.0,0,
32.15808767962304,41.30072079171041,101,3,13.0,0,
18.122117519723922,59.49854526132444,109,2,17.0,0,
32.45242308168213,47.411424604425505,106,2,11.0,0,
27.298626626517567,52.54027231935947,90,4,10.0,0,
30.255026183906452,59.92330183894988,93,4,15.0,0,
15.059633641647965,47.50490880553044,100,1,18.0,0,
24.60292270895528,42.8173425731544,118,1,12.0,0,
29.6933698845297,52.21720703211867,113,3,11.0,0,
21.833555096992647,48.96545782056663,119,2,13.0,0,
20.965043683743218,46.690563654526755,106,4,19.0,0,
29.792779280580135,40.79968931342041,96,4,18.0,0,
24.35049158863313,44.92802245492465,110,4,18.0,0,
34.8304794450421,41.80571680018426,102,3,11.0,0,
26.216162025932626,55.93883543123112,117,4,18.0,0,
28.816850206275102,52.63438124918737,117,1,19.0,0,
22.745335670756447,56.10913690628008,103,1,10.0,0,
15.66974738366217,48.323231009375036,105,1,17.0,0,
17.32963305595522,40.42667385123188,100,4,16.0,0,
25.457668542064777,56.905017733278896,97,1,10.0,0,
34.261625677206595,49.872666243970116,118,4,19.0,0,
32.639500536431015,51.44927476034469,97,2,12.0,0,
18.84300612705094,56.05276369171244,100,3,14.0,0,
26.58238326701843,40.06583042571909,114,3,10.0,0,
20.867045284121133,43.56446730329099,111,1,18.0,0,
15.653179482123235,52.95046407653908,106,4,15.0,0,
17.90199446351356,52.8563092828777,119,1,12.0,0,
15.484948237458642,43.334547220178486,101,3,10.0,0,
29.963375997162373,48.76679622086374,110,3,14.0,0,
34.75397184926367,47.95667332388944,112,4,15.0,0,
26.06182728292086,43.24951621969607,115,1,17.0,0,
32.9935859396154,41.83738386868001,94,3,13.0,0,
22.300992651563526,44.676155342072576,119,3,16.0,0,
30.447981670449376,52.94162462833347,106,3,19.0,0,
31.971103729049545,51.74209629292121,95,2,14.0,0,
18.628270277182008,55.30561521244441,93,2,19.0,0,
19.9940941039252,47.63340717090547,103,3,16.0,0,
31.218461257099467,57.33004155414025,96,2,15.0,0,
21.951425044699754,52.85237273534612,95,3,14.0,0,
23.355976789647173,54.84163512471892,115,3,16.0,0,
26.758959056000272,54.59170283558261,119,2,11.0,0,
18.943836731222497,48.87360984909712,91,4,14.0,0,
33.011882232679575,59.23129481911559,92,4,13.0,0,
27.634064983226864,47.3159130089219,106,2,13.0,0,
34.90687784629456,58.506211033487666,104,1,18.0,0,
27.07865538003317,47.32934233263768,118,2,16.0,0,
25.631122828967598,56.94483181956333,94,4,17.0,0,
22.80953181853254,40.48218894979663,101,2,13.0,0,
20.518932147101765,49.38982782096503,108,1,16.0,0,
30.05051095339998,45.34054136683844,91,4,11.0,0,
17.605241787927298,49.6489879116306,96,3,11.0,0,
34.69825504371479,48.83867637316686,94,4,16.0,0,
30.113692766460314,53.380249070668526,100,1,19.0,0,
24.133107972082236,58.5576368698182,95,4,12.0,0,
22.708145056257084,59.61173609185951,92,2,16.0,0,
30.9490879842494,58.700907464766594,113,4,16.0,0,
15.808384098970018,42.87057008489273,97,2,18.0,0,
32.5914760188058,45.87930962353927,100,4,12.0,0,
26.89885273785151,51.869967225713914,93,3,14.0,0,
20.834206729684137,58.60949447735507,108,1,19.0,0,
32.566116180954566,51.25091266421145,100,1,19.0,0,
29.427069894768962,49.874351687424294,102,4,11.0,0,
23.726589431350448,43.42176897824042,93,3,16.0,0,
20.615238213130546,51.43840940252934,106,1,15.0,0,
16.87834681363059,57.861358060198654,106,2,12.0,0,
31.355817954319456,44.9129148589891,104,3,15.0,0,
25.6197854892351,44.21725050482439,91,3,14.0,0,
33.30252944021314,54.86440352946954,92,1,16.0,0,
24.83432683481593,42.23539939891799,103,2,13.0,0,
18.9684939829065,40.31146147847681,103,1,10.0,0,
21.650583608466867,57.003035991446666,119,2,12.0,0,
30.358633148784293,47.672076695909254,114,2,14.0,0,
28.28276861355723,40.538610028616425,94,1,12.0,0,
31.965183520897092,52.526529727539966,104,4,17.0,0,
23.026142631201502,58.67943435392336,105,2,17.0,0,
28.201200205895894,45.180860964681344,106,4,14.0,0,
33.118990090248246,49.95609470292971,94,2,16.0,0,
18.20785019936445,46.45853319166106,100,3,18.0,0,
23.920393252127024,45.244190215569795,111,2,13.0,0,
22.98010530977773,56.29931355021547,102,2,18.0,0,
32.35209776866333,43.16081448592273,115,4,15.0,0,
28.696013594756373,48.28520681266556,108,1,17.0,0,
15.80711695334909,44.14323409991777,109,4,17.0,0,
29.919832189023303,58.674499565114516,109,1,13.0,0,
15.011035366148093,46.29798798790119,107,3,10.0,0,
16.221897981774802,41.60947310068829,95,4,10.0,0,
23.192338554650508,47.05150530906362,110,1,17.0,0,
25.627869242015386,51.3439072265535,106,2,13.0,0,
26.061714392507973,49.93989811024479,90,2,11.0,0,
31.231462458647353,42.46933374832092,100,3,17.0,0,
30.74321086648049,46.67817545796727,115,4,18.0,0,
25.180185478503724,43.88192092654775,95,2,16.0,0,
15.769854669691792,41.02856269486994,90,2,17.0,0,
27.897199688580866,41.689578922619035,114,3,13.0,0,
26.990805152974357,43.206952322603826,96,2,10.0,0,
26.146143459925284,40.71224401217186,103,3,11.0,0,
28.125145140771934,46.82543008763425,117,4,17.0,0,
34.69580940942966,41.09794537026241,96,4,13.0,0,
31.644328360369908,42.42278700027646,95,3,16.0,0,
26.091841663260084,41.13941972857919,96,1,11.0,0,
31.881690397357538,48.908130294451496,115,1,16.0,0,
16.18573920331655,48.649778615667856,111,1,12.0,0,
31.781712168506267,53.33848998075931,111,4,17.0,0,
21.30473229344906,53.4343674805464,115,2,16.0,0,
26.42514839866437,53.796250872658746,118,4,13.0,0,
16.778232851248017,42.8629959840165,119,2,13.0,0,
23.532750870327924,56.221381984791876,110,4,10.0,0,
30.608500243704867,48.073545462365914,97,2,17.0,0,
26.29675009603213,42.55236135279434,116,3,11.0,0,
18.816173685577212,49.021516381376,94,3,19.0,0,
15.941828928486379,45.9589869341009,107,3,14.0,0,
19.48562645631297,41.70145340223808,110,4,12.0,0,
16.56470278513085,40.56141311461396,96,4,16.0,0,
19.65305610621041,48.08810957466004,117,3,16.0,0,
32.96956305272448,40.80295863834236,115,2,15.0,0,
27.63576866613068,44.19301058246822,99,3,16.0,0,
17.064116739538857,52.69833595311243,95,4,11.0,0,
15.800151588254732,57.6924905700662,91,1,16.0,0,
20.689906698070004,55.244200914581356,94,3,17.0,0,
27.75740674894805,59.24236043427077,117,3,16.0,0,
15.022556022876657,59.281382314061986,94,2,15.0,0,
34.65672393368831,43.29209969404887,97,4,19.0,0,
34.2819172090766,51.34675763104543,103,3,11.0,0,
32.06696694635045,49.03182204921623,103,4,16.0,0,
32.05558148546082,51.998029625069194,113,1,12.0,0,
31.968620855536837,44.232512957964154,104,1,15.0,0,
18.39471355932789,44.138359612811534,108,1,14.0,0,
28.058646953989832,51.83311937896276,92,2,19.0,0,
15.809616935117008,53.05900336619602,113,3,11.0,0,
34.55984108280613,48.10264501080089,117,2,16.0,0,
24.83604890819933,42.2645840306191,115,2,19.0,0,
15.33695619386015,50.48842217140913,96,1,11.0,0,
34.19159929414638,58.96733264797919,99,1,12.0,0,
30.678723519343432,52.75030591477221,97,2,15.0,0,
15.417131159521931,46.042514869170994,93,2,17.0,0,
20.56976915675765,47.401212589413944,105,4,18.0,0,
20.072706087037897,40.73088788654094,96,2,19.0,0,
34.841833893265054,48.630688234172936,113,3,18.0,0,
33.74931042102459,53.117876607861376,118,1,18.0,0,
34.527476294241595,57.51160858218448,115,3,16.0,0,
18.068553864547166,49.74590624143522,116,1,11.0,0,
27.269286212644275,58.24759792613092,93,4,13.0,0,
28.310381656810613,51.47212471769525,91,3,16.0,0,
29.981207384302998,55.090156232629774,92,1,16.0,0,
20.342180935023496,50.3381261602803,106,1,18.0,0,
22.82019290331415,49.3150671972074,98,1,11.0,0,
25.276355020455355,55.45830416114592,109,4,13.0,0,
16.701716091684972,59.37917913106284,114,4,13.0,0,
25.911410918188068,58.37015646842422,95,3,18.0,0,
27.724110440517187,56.14867204678991,91,4,10.0,0,
31.54073529912733,57.5924191490451,114,1,15.0,0,
21.96927988215527,52.11890639334766,106,3,11.0,0,
29.575112614635746,47.54711607522671,113,2,19.0,0,
22.074883626860043,53.31088241980192,92,1,11.0,0,
20.903194023988846,54.692120594239114,97,4,10.0,0,
32.08770165283694,40.84035134761604,117,3,17.0,0,
17.888563194095852,40.77559169523066,106,2,11.0,0,
27.433687014020997,49.86641471055316,119,4,19.0,0,
19.661180442889755,43.309174688178516,92,1,14.0,0,
23.787986502666453,43.19420793897806,95,3,13.0,0,
27.243132577596647,41.7338042481359,104,3,19.0,0,
18.33025611207344,41.69456706450099,113,1,12.0,0,
16.882934926883216,40.89432518668646,108,1,17.0,0,
20.682396807840096,47.56475995140937,105,1,13.0,0,
29.623864730476633,51.80708622667526,112,2,18.0,0,
24.958627927083533,43.549141578102905,90,2,18.0,0,
26.102910376474977,45.132688437891,113,3,13.0,0,
33.654238646122174,50.079465056334506,91,4,18.0,0,
31.5026156002815,49.980466773859554,100,2,15.0,0,
22.566553787504148,55.83255912737526,90,4,14.0,0,
26.35233474133657,43.19050971611585,90,1,12.0,0,
21.62671461462339,42.632238444734654,100,4,19.0,0,
28.45036036064038,59.00589790320589,93,3,11.0,0,
34.239034763286625,40.545578430356635,109,4,11.0,0,
20.33931575825284,57.73456822046835,103,3,19.0,0,
21.575784014357595,41.373438260187676,92,1,13.0,0,
31.201679972605532,59.55137067313477,100,1,17.0,0,
29.11898371903851,48.3576761607612,93,2,17.0,0,
31.877965572408552,46.84144809925807,111,4,16.0,0,
16.58254693444974,45.46581656028334,97,3,13.0,0,
19.294533266734447,56.914843568005935,106,1,17.0,0,
28.783718852372182,55.21102050015387,115,3,12.0,0,
21.733267531531038,51.99176036584447,91,4,19.0,0,
25.425257446884526,56.124374409163025,114,2,14.0,0,
25.872959260138494,40.56467408304728,107,3,12.0,0,
22.37255760057662,58.254940927047116,103,4,19.0,0,
19.013879187917517,40.1607993361553,99,3,15.0,0,
33.17787411827433,40.18373672484762,96,4,14.0,0,
25.9610726649947,50.82667451127557,107,3,12.0,0,
19.30632669338067,47.36644912502547,116,1,13.0,0,
33.553411056616795,46.84449273527236,93,4,10.0,0,
31.99275707220235,42.15831470693283,111,3,14.0,0,
16.57716180561588,51.05764000172783,109,4,13.0,0,
21.95603458078402,40.48782572390364,109,3,18.0,0,
17.196010074195314,40.58768431837726,119,2,17.0,0,
29.57463587159613,44.037381744476185,90,2,14.0,0,
28.382347328816184,49.16301147477633,96,1,18.0,0,
22.580694959553,48.34899259266704,107,3,11.0,0,
34.76988449900724,44.259777452234,104,3,17.0,0,
21.25567238294873,42.85697437185182,97,4,19.0,0,
16.490062638661282,53.91550050866179,95,4,16.0,0,
15.548586913522854,47.87322578022437,116,4,15.0,0,
18.262614318923035,54.46419454355937,104,2,18.0,0,
16.993902328517617,40.206849917413315,93,2,11.0,0,
30.09517703505779,51.929560830372054,103,1,14.0,0,
16.511936062409394,43.98767541802282,107,1,12.0,0,
22.48113060315763,55.21017451143362,110,3,17.0,0,
26.65111794963221,57.90671463517544,91,2,10.0,0,
22.927703650445487,47.935505061520736,119,2,15.0,0,
33.81710112521979,44.825774693780794,99,4,11.0,0,
25.2542519574651,42.92874395108736,107,4,19.0,0,
17.31763862180811,56.08396504605153,117,1,10.0,0,
21.334091501085723,52.82713829719538,109,3,18.0,0,
18.734518990374042,59.15583558622495,92,4,17.0,0,
16.8025333512999,51.52412011957347,109,2,16.0,0,
24.70110604069462,42.71191122977119,97,2,13.0,0,
27.545815245918185,49.97524837795267,112,2,10.0,0,
21.83494912302707,51.47448627018967,101,1,17.0,0,
27.039100660087918,53.32827351948694,109,2,15.0,0,
29.305804403357,52.20122195733477,101,1,15.0,0,
30.09766857746248,50.20698402885772,117,4,11.0,0,
17.49872118281926,55.87413070803761,90,2,18.0,0,
18.838114533462786,49.89404767302733,104,3,12.0,0,
16.371779875356964,46.278012009336365,111,1,17.0,0,
20.373791054834413,46.985450823887966,116,1,12.0,0,
16.995252385161905,52.83996351710513,103,2,13.0,0,
33.77922504784913,56.34658431435301,102,1,18.0,0,
23.666214867253853,41.84278700503226,109,4,19.0,0,
22.628311490467663,52.80233272274962,90,3,12.0,0,
19.703510749069974,50.95510437463058,91,4,10.0,0,
32.45991337353135,50.73296148172331,118,4,16.0,0,
26.412287373367725,50.542182671756535,91,3,16.0,0,
19.943759254874827,55.90504027629294,115,4,11.0,0,
24.51045986331926,50.99379511686266,114,2,18.0,0,
18.028550989579195,57.3712443507041,99,3,15.0,0,
27.37072759134829,45.08707186526775,115,1,19.0,0,
25.79707630658919,58.656735262747105,103,1,17.0,0,
18.978852760485832,54.83282868745049,92,4,13.0,0,
26.528892701150692,45.6726130700038,112,3,10.0,0,
27.585079794481473,54.795155680638246,117,1,11.0,0,
21.60529701116272,47.55797659454789,117,3,19.0,0,
18.916372469376224,59.989815616667634,98,1,10.0,0,
31.850087955476347,52.542019369967235,94,4,14.0,0,
28.35178526566309,50.65546397479021,101,4,10.0,0,
16.7643887618902,53.301513113116705,98,3,10.0,0,
16.106198956793957,51.65209848087105,106,3,18.0,0,
26.767079649110574,54.86568342260023,112,1,12.0,0,
26.51921382358522,41.10385483206711,114,2,12.0,0,
24.387218297055895,56.60423197236598,105,3,19.0,0,
32.30851399694818,50.32989628009132,114,4,17.0,0,
30.20691130252411,45.15476563433615,104,3,14.0,0,
27.458375246456747,57.14787708374755,111,4,16.0,0,
16.690297605518378,56.297810527385295,102,3,14.0,0,
15.939042491446052,52.20557020203418,119,1,10.0,0,
31.3622129374476,53.07502622193638,108,2,18.0,0,
21.480892324930718,57.79053317457734,109,4,17.0,0,
21.9192283341198,55.896911324895754,113,1,13.0,0,
15.663376232754953,42.30384936262675,104,3,13.0,0,
32.676823268515264,58.055739922097914,91,1,11.0,0,
21.463248990788166,57.053184409724075,107,4,11.0,0,
24.338797154712793,58.7583283790956,92,3,14.0,0,
26.963015118577225,53.14744349262865,106,3,12.0,0,
19.04649762548405,40.093893751499344,102,2,19.0,0,
32.014219420007336,41.257717504513764,106,2,12.0,0,
30.361569561842686,45.64034663408332,113,1,15.0,0,
18.252677319255056,43.26034654324903,113,2,13.0,0,
30.79628357491257,49.60964849062844,104,2,19.0,0,
23.870809360166298,49.67577059911524,92,2,15.0,0,
27.624402130842434,59.76200358587813,118,1,16.0,0,
17.195509609913632,40.54047101469246,92,3,16.0,0,
34.80064337737608,53.25699922288512,99,3,16.0,0,
19.497470075713586,59.80427767531298,117,3,14.0,0,
26.255571645974353,59.531625690620395,94,4,15.0,0,
21.878577733255646,49.01843064568172,115,3,14.0,0,
32.5258938770922,53.86286628082985,100,4,18.0,0,
18.030541694291834,56.35999881641844,113,4,18.0,0,
20.86762738398879,56.24481839597396,102,2,15.0,0,
25.738882580222572,50.66916620705328,101,3,19.0,0,
20.86457321943,47.403606717229984,109,4,16.0,0,
23.81448188287687,58.405717501567096,116,1,14.0,0,
29.931159371152475,48.970183589700696,99,1,12.0,0,
21.836870750218274,49.95256229554524,108,4,12.0,0,
21.490352251744895,42.03679263882566,97,4,17.0,0,
31.219053175142154,50.48457948639914,117,1,18.0,0,
28.281121458533498,56.46279241751822,114,2,14.0,0,
30.786194531747444,44.675638816506826,98,4,18.0,0,
29.973525328153077,47.21872729628338,111,4,14.0,0,
17.14155439241825,46.5475832973361,115,2,14.0,0,
31.934813166839223,56.32789791566047,95,3,19.0,0,
27.001625518182273,46.773534852449316,112,3,13.0,0,
27.75844269581851,53.13479294013249,93,3,12.0,0,
29.07155881403682,51.22511709763553,117,4,12.0,0,
24.26450392970272,48.84084836788945,95,2,16.0,0,
24.134440258520552,43.25360346254788,108,2,15.0,0,
29.21575827880679,43.09186798481902,108,4,10.0,0,
31.324565807910382,41.58811089039762,94,2,16.0,0,
25.10942139173529,53.227493328405984,116,3,16.0,0,
24.528097209369204,49.595368146957604,92,3,14.0,0,
34.11350325277084,43.05006253641744,117,1,18.0,0,
28.99393231714241,55.49099049378722,102,1,11.0,0,
20.98437418019153,44.40628186282076,115,3,19.0,0,
19.88339824361715,51.60669682874065,101,3,13.0,0,
15.50642185615024,53.65091518084143,98,2,16.0,0,
26.233174624109107,47.65228867807074,116,1,11.0,0,
30.26701864494539,40.67052244868143,101,2,19.0,0,
23.86341353366474,47.43984844633963,101,4,13.0,0,
31.481731518462258,59.112199538994346,92,2,17.0,0,
18.167462189781272,47.988637361069785,106,1,15.0,0,
22.968528415642837,42.44964244417991,114,1,16.0,0,
32.78751683810404,52.480763020074306,99,4,12.0,0,
17.886164556902454,58.2635350959252,115,2,15.0,0,
22.608007969095702,46.090971758668864,99,1,18.0,0,
21.232630938625,49.24928621705227,101,4,18.0,0,
34.69450992763847,58.48291213913018,94,3,13.0,0,
23.14011656053092,44.27501328916379,114,4,18.0,0,
28.88874495765985,49.53890377433122,98,4,17.0,0,
26.786465515690182,52.45301010408233,100,1,16.0,0,
19.334395494546012,41.950702209904506,91,2,19.0,0,
24.97607109482356,49.913913991013835,98,3,14.0,0,
27.691614684906476,50.64983273208625,103,1,13.0,0,
23.9047455498911,41.9427422091875,116,3,15.0,0,
21.515915239194094,49.329754469945634,104,4,14.0,0,
25.66348333928511,40.01788903797183,95,3,13.0,0,
25.18750394673449,43.88036939047978,106,2,11.0,0,
27.044249985518146,50.819429534675955,92,4,14.0,0,
15.687492261507556,55.7453331059957,94,1,18.0,0,
16.12819247935057,51.74550772973732,108,3,15.0,0,
31.826151111814205,57.859346271550265,117,3,10.0,0,
22.748772600248067,56.87114771349644,92,3,14.0,0,
29.257708355424214,54.13330111840218,115,1,18.0,0,
29.207336503246868,59.09972959989169,105,4,17.0,0,
24.1307266923897,41.096682318191164,116,1,11.0,0,
34.45477085348455,53.543165079052265,109,2,11.0,0,
25.561500250910782,57.154060769479756,91,1,15.0,0,
26.42406474115125,44.85744856256238,98,1,11.0,0,
25.751142771187222,57.01534651008117,93,1,13.0,0,
22.26556651178474,49.40795378588609,91,1,11.0,0,
29.885273016913487,40.39120400012304,96,2,18.0,0,
25.654894721342767,54.870379858160845,113,2,16.0,0,
26.81771297525281,44.83800278673365,100,2,11.0,0,
25.72101498929431,42.212432797212905,111,3,18.0,0,
17.026728757036484,40.92691536581286,117,2,13.0,0,
19.663083326752567,50.81427431164017,117,2,12.0,0,
34.53293878876379,54.03804773439584,97,2,14.0,0,
22.17266540956558,54.50832668592915,107,2,11.0,0,
15.268302153459214,52.53034765114444,110,4,11.0,0,
20.22780943418962,45.10652596365137,107,4,15.0,0,
29.639128616151257,58.77355894648326,108,4,14.0,0,
27.76133925661269,43.12252759267356,95,1,19.0,0,
25.980128063648834,46.61372686582827,111,2,19.0,0,
16.67680125310397,46.69474159820399,109,3,19.0,0,
30.773075066781278,56.19257679860621,90,1,11.0,0,
20.052395769929795,48.11563348565465,118,4,14.0,0,
27.772413985399638,59.60638119841559,97,4,14.0,0,
24.885982342248568,55.61716075699152,106,3,18.0,0,
16.33567895830975,40.538012679068004,107,4,11.0,0,
26.6348046764043,55.95894131263229,114,1,16.0,0,
15.973717550411191,45.32113230633572,112,1,12.0,0,
23.307222819671154,46.856420085699874,107,1,12.0,0,
30.288132228184445,59.90816987274774,97,1,17.0,0,
24.575670242137274,42.3960802174757,117,2,19.0,0,
22.240079044385727,54.44721530075169,92,2,11.0,0,
18.36241405003428,46.19800788472769,100,2,16.0,0,
28.36576108002308,47.82096144227165,107,3,11.0,0,
21.598657026806276,56.83023263050838,114,3,10.0,0,
24.346988554298512,46.93547377709232,112,4,13.0,0,
24.114926500682444,58.69787950097778,100,4,12.0,0,
26.658142771917696,50.308221341960234,92,2,18.0,0,
30.08625337658539,48.36172382214359,109,1,16.0,0,
34.90505820445305,43.17321708488054,112,4,19.0,0,
21.745647350433764,56.917354051665,96,2,16.0,0,
21.4345732016959,47.59182580564609,104,2,16.0,0,
21.773739842931402,55.439442246962,113,2,12.0,0,
32.39519021316036,59.234070771564774,94,1,19.0,0,
17.994097910053117,59.681988451965665,93,4,15.0,0,
22.065615121303587,40.934073999050405,102,1,16.0,0,
31.46965563293275,59.93662116554829,100,4,19.0,0,
29.24734156908388,40.92175572064147,106,3,12.0,0,
27.59614876012906,45.639070015487476,106,4,11.0,0,
34.56407183815362,43.341327112787056,108,2,17.0,0,
19.577117143472258,54.215088174710075,108,4,10.0,0,
32.747925493328964,55.121138189634145,109,2,11.0,0,
31.403212240419872,40.791678097821745,106,2,17.0,0,
31.175248274092645,58.46803930280139,118,1,10.0,0,
34.439828807601515,43.772897159562575,114,4,10.0,0,
16.14177039064314,43.8249438192012,105,4,13.0,0,
29.563405320123117,50.7147194067479,99,4,12.0,0,
34.128732055615686,40.28004886817155,113,3,11.0,0,
27.10691516793439,53.87830584513899,117,2,16.0,0,
27.003644562909734,51.130815565203214,114,1,15.0,0,
15.287251031819089,51.584447540908286,109,2,13.0,0,
28.709923721826463,59.844690466116035,107,2,10.0,0,
18.710596471315306,47.58315701580636,109,1,17.0,0,
27.089491030822423,41.83368972306099,103,1,19.0,0,
30.94260301680395,58.01547110590458,101,3,14.0,0,
26.66248850734558,45.72199294606664,100,3,10.0,0,
30.962801927850823,52.53107249139006,119,4,15.0,0,
29.93635938174825,43.08257382241394,119,3,12.0,0,
22.40624044508119,53.627882949444114,119,3,14.0,0,
20.034680621465732,48.58127832438986,108,3,19.0,0,
25.84961805582244,53.717168338510334,112,3,10.0,0,
21.793815883000985,59.0562433065022,119,1,15.0,0,
22.4755462485523,42.26685523761462,109,2,19.0,0,
26.78735689720115,49.91738240847462,99,1,17.0,0,
28.976568780027883,43.75486795038408,113,1,12.0,0,
30.023287646471296,44.09335929721229,107,1,11.0,0,
16.235757191197756,43.26369248984264,91,2,16.0,0,
33.238137443846085,57.49230795615567,98,4,15.0,0,
31.572355438237047,42.7562418581761,96,3,12.0,0,
24.956188414376125,42.81120436004881,100,1,13.0,0,
29.79650927461164,50.29381196560166,100,2,,1,15.0
22.13221152503914,49.68999407132122,95,2,,1,17.0
24.58167866058443,48.94643464098289,95,2,,1,13.0
22.34388264727453,50.30673353181425,99,3,,1,13.0
26.025698343022974,46.445372570991324,107,3,,1,16.0
29.23776686410444,48.36658282929775,99,2,,1,13.0
20.65253130638028,53.379906206392775,103,2,,1,16.0
24.85906167981014,47.18138247061358,103,2,,1,13.0
25.289688067864702,51.81707003132988,106,3,,1,17.0
26.050784451466285,53.17376391796044,101,3,,1,14.0
40.08563723294463,57.15135884341067,125,8,,1,22.0
52.937391362198326,56.39138724089332,119,9,,1,29.0
55.773484661556274,69.84723358169092,125,8,,1,26.0
48.274127135284076,59.69624650324152,124,7,,1,20.0
41.22245221159186,55.19875029282197,118,9,,1,22.0
44.33881439950919,60.75647035877756,125,7,,1,31.0
60.9332075151784,59.09243975757431,123,9,,1,30.0
58.63010168605118,68.04748431391985,128,5,,1,29.0
91.41126190683782,86.09869701979017,197,23,,1,67.0
85.94720608347947,85.16418261154594,201,22,,1,54.0
85.7738437413509,91.10580291804277,216,18,,1,53.0
88.50272886725749,86.17635017544993,181,21,,1,71.0
89.12672859132175,93.27465701829573,202,23,,1,54.0
93.73875375367469,86.25521782597241,191,21,,1,67.0
87.95623075245824,84.21663291373208,206,19,,1,71.0
